PR_key_ID,PR_PROJECT_NAME
MR0,anand
PS19230,TVOHM0
PS37415,HVLKP
PS54057,PT_PROJ_QD462
PS12510,TVJIE
PS46598,HWXJV
PS37337,PT_PROJ_PO85
PS37456,PT_PROJ_EX229
PS24583,PT_PROJ_MN369
PS17566,PT_PROJ_HP392
PS13089,IH
PS58896,IUSBV
PS15083,QNWLQ
PS23390,GCRKI
PS38004,PT_PROJ_OV172
PS13009,PT_proj_BC68
PS36538,PT_PROJ_OV882
PS24737,DSUZQ
PS51778,PT_PROJ_QN309
PS84698,28794
PS57140,ADKFD
PS39188,PT_PROJ_PO95
PS29193,PT_PROJ_RU211
PS26782,lzjcTa0
PS11315,PT_GLAOB0
PS65475,0
PS85492,PT_PROJ_BL140
PS21440,PT_PROJ_MN311
PS26100,PT_PROJ_MN932
PS48504,33374
PS99594,QRKUL0
PS29527,PT_PROJ_MN331
PS84273,PTNMjDja0
PS48883,HFORO
PS34794,PT_PROJ_PO57
PS57954,BIMMJ
PS34390,XJJLX
PS59010,LXCTD
PS82251,VTUCL
PS82327,TVXHY
PS26543,UYHDF
PS29317,IGFUI
PS93651,PT_FSGEO0
PS11467,YDDQL
PS12230,GCZRM
PS14280,QJSOD
PS88974,PT_proj_BBYAX97
PS31702,WFFAX
PS33449,GERLB
PS88266,VSBVG0
PS66762,PT_PROJ_PR139
PS54978,MYULZ0
PS29722,RFBWI
PS16682,EWJCO0
PS31150,PT_PROJ_EX888
PS85858,ADGCC
PS53125,JAUYU
PS52539,PT_PROJ_QD624
PS54191,RRDPK0
PS56736,FFDER
PS35897,OXXRT0
PS19338,CRTEO0
PS17820,RN
PS25997,QEPCG0
PS14330,PT_PROJ_KZ594
PS13530,PT_PROJ_HP932
PS27707,RDLHQ
PS82314,MAEZW0
PS96796,PT_PROJ_KR711
PS95488,PT_PROJ_KR950
PS64243,PT_PROJ_PR683
PS46236,IVCZC
PS21325,YHZIC
PS62788,PT_PROJ_PR525
PS92479,PT_PROJ_KR762
PS37588,PT_PROJ_PO63
PS61126,PT_PROJ_AQ322
PS24553,PT_PROJ_RU138
PS36952,NRZYO0
PS88672,URSYW
PS59768,FBDVY
PS36378,XWXXF
PS34532,KLHAH
PS31228,ALSAR
PS31341,DIFFI
PS59687,XXYEA
PS36254,KXQOS
PS33016,KENJS
PS57411,GUNJW
PS54925,LFIED
PS64170,XKJOS
PS83566,DAFZO
PS83209,UPXFV
PS72044,RPVIZ0
PS22351,UGYYN
PS32145,SKWNI
PS38786,PT_PROJ_PO19
PS39518,WEJEE
PS16543,PT_PROJ_HP506
PS18559,OALEK
PS12853,HCSLT
PS13759,CNUPV
PS92250,PT_PROJ_KR394
PS38779,FUDRY
PS14986,SOULA
PS68369,PT_PROJ_PR807
PS62375,PT_PROJ_TC426
PS22000,PT_PROJ_MN756
PS55693,GKVAD
PS65022,OYTYV
PS93446,PT_projCEHRJ51
PS33619,IAPWT
PS86748,YEZPE
PS56399,PVLSG0
PS23446,PT_PROJ_MN726
PS57464,PT_PROJ_QD129
PS18520,PT_PROJ_UE224
PS16674,PT_PROJ_EM152
PS14790,DT
PS33980,JALOW
PS74851,FVRBR
PS48618,DQGLX